mutation,europe,subsaharan,sa_black,sa_white,sa_zulu,median_pvalue,iqr_pvalue,significant,position,reference,alternate,identifier
D950N,0.17388734208680867,0.0594840483753805,0.013838447816242785,0.01911120849074347,0.019364023685981932,0.019364023685981932,0.04037283988463703,False,950,D,N,D950N
L452R,0.204032943466762,0.22468444974139262,0.7201139098966438,0.19211008226593715,0.0016648762430129197,0.204032943466762,0.032574367475455474,False,452,L,R,L452R
P681R,6.632979709064023e-05,2.1321954515159288e-09,0.3315635279655675,0.00536840177398144,0.6122544142502493,0.00536840177398144,0.33149719816847684,False,681,P,R,P681R
G142D,0.08167661649609308,0.15694606132972388,0.04524754932794104,0.9074607289895753,0.4707869549211657,0.15694606132972388,0.3891103384250726,False,142,G,D,G142D
E156G,0.00035222516661403535,0.010620707147392815,0.00034952287561978984,7.969919532024428e-05,0.001244367487479912,0.00035222516661403535,0.0008948446118601221,True,156,E,G,E156G
FR157,7.925094665503919e-05,0.0038699091730539223,7.598253815810119e-05,1.2441313454374493e-05,0.00032480878055510796,7.925094665503919e-05,0.00024882624239700677,True,157,FR,,FR157
D614G,0.0020115920479401713,0.18605497970728974,0.034368380358104786,0.019005086910353877,0.7231866604257767,0.034368380358104786,0.16704989279693586,False,614,D,G,D614G
T19R,0.3646451121464172,0.5185662761313052,0.11156938829010182,0.2582006008142339,0.17052146610737057,0.2582006008142339,0.19412364603904664,False,19,T,R,T19R
T478K,1.9256617711746667e-07,2.0144405679513675e-08,5.545115276551436e-07,5.263978500552689e-09,6.578779263200598e-06,1.9256617711746667e-07,5.343671219756299e-07,True,478,T,K,T478K
