mutation,pvalue,OR,a,b,c,d,adj_pvalue,significant,position,reference,alternate,identifier
L452R,0.00011043013944648357,0.3824152542372881,19,236,104,494,0.0004969356275091761,significant & OR <= 1.0,452,L,R,L452R
P681R,0.22787793497449887,1.3009672619047619,39,192,84,538,0.410180282954098,not significant,681,P,R,P681R
G142D,1.0,1.010377358490566,17,100,106,630,1.0,not significant,142,G,D,G142D
E156G,0.4716912244356666,1.236088379705401,19,94,104,636,0.6064601457029999,not significant,156,E,G,E156G
FR157,0.4716912244356666,1.236088379705401,19,94,104,636,0.6064601457029999,not significant,157,FR,,FR157
D614G,5.993600024648059e-06,3.624574829931973,25,48,98,682,5.394240022183253e-05,significant & OR > 1.0,614,D,G,D614G
T19R,0.8063514349904541,0.7843137254901961,4,30,119,700,0.907145364364261,not significant,19,T,R,T19R
D950N,0.14652590179266267,0.0,0,15,123,715,0.32968327903349104,not significant,950,D,N,D950N
T478K,0.014901007872854425,0.0,0,30,123,700,0.04470302361856328,not significant,478,T,K,T478K
