mutation,pvalue,OR,a,b,c,d,adj_pvalue,significant,position,reference,alternate,identifier
D950N,0.08799025773082478,0.36270407463300863,3,197,148,3525,0.09898903994717788,not significant,950,D,N,D950N
L452R,0.0002662787085866352,0.498895751450496,34,1370,117,2352,0.0005991270943199293,significant & OR <= 1.0,452,L,R,L452R
P681R,1.1428990763878125e-13,5.0463778409090905,41,256,110,3466,1.0286091687490314e-12,significant & OR > 1.0,681,P,R,P681R
G142D,0.01314548979070462,0.5641329313809934,22,864,129,2858,0.016901344016620225,not significant,142,G,D,G142D
E156G,0.0021394178023713935,2.2157719881098092,22,266,129,3456,0.0032091267035570903,not significant,156,E,G,E156G
FR157,0.0007178882964139432,2.4416371582607588,22,243,129,3479,0.0012921989335450976,not significant,157,FR,,FR157
D614G,5.847526765979455e-12,7.041705571117336,25,102,126,3620,2.190870070515453e-11,significant & OR > 1.0,614,D,G,D614G
T19R,0.8194626584642472,0.7459105779716467,4,131,147,3591,0.8194626584642472,not significant,19,T,R,T19R
T478K,7.302900235051509e-12,0.0,0,603,151,3119,2.190870070515453e-11,significant & OR <= 1.0,478,T,K,T478K
